<?xml version="1.0" encoding="UTF-8" standalone="yes"?>
<addon id="plugin.video.nymph" name="Nymph" version="0.0.8" provider-name="Julio Jamil">
    <requires>
        <import addon="xbmc.python" version="2.24.0"/>
        <import addon="script.module.urlresolver" version="1.0.0"/>
        <import addon="script.module.metahandler" optional="true"/>
        <import addon="script.module.simplejson" optional="true"/>
        <import addon="script.module.parsedom" optional="true"/>
        <import addon="script.module.html5lib" optional="true"/>
        <import addon="script.module.simple.downloader" version="1.9.5"/>
    </requires>
    <extension point="xbmc.python.pluginsource" library="addon.py">
        <provides>video</provides>
    </extension>
    <extension point="xbmc.addon.metadata">
        <summary lang="pt_br">Addon criado por juliojamil</summary>
        <description lang="pt_br">Addon personalizado por juliojamil</description>
        <disclaimer lang="pt_br"></disclaimer>
        <language>pt_br</language>
        <platform>all</platform>
        <license></license>
        <forum></forum>
        <website></website>
        <email></email>
        <source></source>
    </extension>
</addon>